Fiscal Year,Region,Sales,Profit,Orders,Customers,Margin
FY22-23,Central,10216158.0,675830.08,238,65,0.0662
FY22-23,East,17963459.0,179134.6,428,128,0.01
FY22-23,North,38658525.0,2908094.33,810,271,0.0752
FY22-23,South,43520104.5,3415309.66,919,286,0.0785
FY22-23,West,37150982.5,3068489.17,880,300,0.0826
FY23-24,Central,9815625.0,560297.69,254,56,0.0571
FY23-24,East,22948747.0,656235.53,458,126,0.0286
FY23-24,North,39987013.5,2789211.72,938,283,0.0698
FY23-24,South,45244117.5,3984095.43,962,294,0.0881
FY23-24,West,50141927.0,4374367.81,1045,326,0.0872
FY24-25,Central,14876477.0,1009765.34,299,67,0.0679
FY24-25,East,25585137.5,444639.58,541,130,0.0174
FY24-25,North,55285582.5,3301350.35,1075,304,0.0597
FY24-25,South,52814832.5,4422302.1,1148,298,0.0837
FY24-25,West,54357844.5,4046561.13,1225,328,0.0744
FY25-26,Central,15657235.5,726735.03,330,65,0.0464
FY25-26,East,27479717.0,238385.38,656,132,0.0087
FY25-26,North,54979887.0,3639053.8,1189,306,0.0662
FY25-26,South,65115042.5,5475796.97,1402,322,0.0841
FY25-26,West,61602166.0,5495611.13,1372,351,0.0892
