Month,Revenue,Type,Fitted,Lower 95%,Upper 95%
2022-04-01,11340586.5,Actual,10781578.8,,
2022-05-01,11538603.0,Actual,11389453.7,,
2022-06-01,11926647.0,Actual,11798988.06,,
2022-07-01,9383339.5,Actual,9731451.13,,
2022-08-01,8761798.5,Actual,9528746.96,,
2022-09-01,8869201.0,Actual,11700985.26,,
2022-10-01,18767625.5,Actual,16688581.76,,
2022-11-01,13980795.5,Actual,15702317.97,,
2022-12-01,12290820.0,Actual,13978790.32,,
2023-01-01,12680833.5,Actual,12726200.37,,
2023-02-01,14126494.0,Actual,11347758.84,,
2023-03-01,13842485.0,Actual,15555697.43,,
2023-04-01,13745140.5,Actual,11550963.05,,
2023-05-01,10657583.5,Actual,12447390.77,,
2023-06-01,11317157.5,Actual,12579594.1,,
2023-07-01,10281008.0,Actual,10195266.85,,
2023-08-01,10674946.0,Actual,10045828.31,,
2023-09-01,10967415.5,Actual,12600411.68,,
2023-10-01,17573473.5,Actual,18276450.37,,
2023-11-01,18922766.5,Actual,16766672.56,,
2023-12-01,15514930.5,Actual,15464382.44,,
2024-01-01,16595181.5,Actual,14335042.55,,
2024-02-01,12229471.5,Actual,13080899.61,,
2024-03-01,19658355.5,Actual,17100204.43,,
2024-04-01,13411800.0,Actual,13195018.03,,
2024-05-01,14832062.5,Actual,13841109.42,,
2024-06-01,15851891.0,Actual,14441918.03,,
2024-07-01,13905969.0,Actual,12047445.86,,
2024-08-01,12289265.5,Actual,12116708.66,,
2024-09-01,14979089.0,Actual,15065676.96,,
2024-10-01,21632549.0,Actual,22239291.49,,
2024-11-01,23086475.5,Actual,20405782.65,,
2024-12-01,21873236.0,Actual,18800676.32,,
2025-01-01,18130113.5,Actual,17824412.38,,
2025-02-01,14430666.0,Actual,15901716.23,,
2025-03-01,18496757.0,Actual,20671104.3,,
2025-04-01,13958164.0,Actual,15327433.51,,
2025-05-01,17183459.0,Actual,15803900.2,,
2025-06-01,17037183.5,Actual,16513239.63,,
2025-07-01,13284094.0,Actual,13627102.4,,
2025-08-01,14416523.0,Actual,13330048.23,,
2025-09-01,20745710.5,Actual,16732178.46,,
2025-10-01,25797624.0,Actual,25602012.13,,
2025-11-01,21598039.5,Actual,23594417.49,,
2025-12-01,20020919.0,Actual,21020811.63,,
2026-01-01,18187153.5,Actual,19293394.57,,
2026-02-01,18047877.5,Actual,17009774.64,,
2026-03-01,24557300.5,Actual,22623978.5,,
2026-04-01,17258473.77,Forecast,,14776882.06,21398247.79
2026-05-01,18025856.95,Forecast,,15299223.76,22330635.74
2026-06-01,18573646.64,Forecast,,15565336.3,23102425.47
2026-07-01,15242935.07,Forecast,,12776372.61,19030369.56
2026-08-01,14957496.43,Forecast,,12342129.99,18803589.46
2026-09-01,18532770.4,Forecast,,15499319.74,23317441.42
2026-10-01,27345046.37,Forecast,,22278086.63,34413791.33
2026-11-01,25161840.14,Forecast,,20872354.42,31538536.72
2026-12-01,22700160.32,Forecast,,18920157.19,28812197.74
2027-01-01,20976704.46,Forecast,,17196370.69,26606416.67
2027-02-01,18646971.08,Forecast,,15602778.16,23979283.63
2027-03-01,24560910.01,Forecast,,20122047.12,31278422.58
